Total Annual Ground Water Recharge,Total Current Annual Ground Water Extraction,Actual,Predicted
46186.17,39482.76,94.58,103.9046000000001
21019.92,12401.02,65.11,92.4291
20663.52,23496.45,122.55,111.06370000000004
6764.24,17828.21,292.85,107.08039999999997
52215.57,39999.33,84.43,106.09000000000006
57799.35,73046.64,139.19,147.9826999999999
55278.3,51255.53,100.23,121.41250000000011
